{"labels": [14, 11, 14, 11, 8], "scores": [0.9958969354629517, 0.9182937741279602, 0.3312239646911621, 0.13642971217632294, 0.05360286310315132], "bboxes": [[16.854793548583984, 0.6327012181282043, 353.0, 496.7027587890625], [57.88056945800781, 237.27133178710938, 193.06988525390625, 356.6759948730469], [111.82536315917969, 9.266779899597168, 353.0, 284.8676452636719], [31.674373626708984, 167.51327514648438, 336.39453125, 472.81976318359375], [0.0, 120.09380340576172, 353.0, 500.0000305175781]]}