{"labels": [6, 6, 6, 6, 6, 6], "scores": [0.9993211030960083, 0.9983477592468262, 0.9981716871261597, 0.9876318573951721, 0.9387967586517334, 0.11434633284807205], "bboxes": [[13.622654914855957, 308.8896179199219, 85.55917358398438, 363.7727355957031], [358.79962158203125, 326.07073974609375, 497.112060546875, 389.7549743652344], [231.32275390625, 328.20379638671875, 333.5655517578125, 374.9906005859375], [178.93441772460938, 325.6860656738281, 247.19151306152344, 363.2418212890625], [139.69920349121094, 323.5936279296875, 186.7284393310547, 358.5048828125], [200.6638641357422, 327.5145568847656, 295.16400146484375, 368.869873046875]]}