{"labels": [5, 5], "scores": [0.9994691014289856, 0.11498616635799408], "bboxes": [[5.583915710449219, 85.80252075195312, 500.0, 272.6092834472656], [450.523193359375, 144.7524871826172, 497.15069580078125, 246.361328125]]}