{"lr": 0.00012206103051525767, "data_time": 0.4017896032333374, "grad_norm": 1147.3612915039062, "loss": 184.27653854370118, "loss_cls": 23.94034083366394, "loss_conf": 144.3068556213379, "loss_xy": 12.273772306442261, "loss_wh": 3.7555696207284925, "time": 7.766818614006042, "epoch": 1, "iter": 50, "step": 50}
{"lr": 0.00014457228614307157, "data_time": 0.0039085674285888675, "grad_norm": 1092.904931640625, "loss": 112.79950759887696, "loss_cls": 24.942931594848634, "loss_conf": 71.31217971801757, "loss_xy": 13.107963523864747, "loss_wh": 3.4364323246479036, "time": 6.9021772813797, "epoch": 1, "iter": 100, "step": 100}
{"lr": 0.0001670835417708854, "data_time": 0.002963666915893555, "grad_norm": 901.5477850341797, "loss": 102.44673667907715, "loss_cls": 26.99276948928833, "loss_conf": 57.63681022644043, "loss_xy": 14.376782093048096, "loss_wh": 3.4403750391304495, "time": 6.939989280700684, "epoch": 1, "iter": 150, "step": 150}
{"lr": 0.00018959479739869944, "data_time": 0.0022492408752441406, "grad_norm": 558.2283041381836, "loss": 75.35478675842285, "loss_cls": 20.984539070129394, "loss_conf": 40.86909351348877, "loss_xy": 11.09290343284607, "loss_wh": 2.4082513262331484, "time": 6.774760785102845, "epoch": 1, "iter": 200, "step": 200}
{"lr": 0.00021210605302651324, "data_time": 0.0020274066925048827, "grad_norm": 475.2474633789063, "loss": 77.61387130737305, "loss_cls": 22.72333194732666, "loss_conf": 39.583053855896, "loss_xy": 12.489080228805541, "loss_wh": 2.8184054306149484, "time": 6.907289733886719, "epoch": 1, "iter": 250, "step": 250}
{"lr": 0.00023461730865432712, "data_time": 0.0019399404525756836, "grad_norm": 432.66164764404294, "loss": 76.9982753753662, "loss_cls": 22.470395183563234, "loss_conf": 38.5877502822876, "loss_xy": 12.900926752090454, "loss_wh": 3.0392027086019517, "time": 6.947373967170716, "epoch": 1, "iter": 300, "step": 300}
