{"labels": [18, 5], "scores": [0.9917526841163635, 0.30057212710380554], "bboxes": [[138.2659454345703, 196.77333068847656, 211.19912719726562, 297.83154296875], [141.25521850585938, 203.89154052734375, 209.2354736328125, 288.76470947265625]]}