{"labels": [3, 8], "scores": [0.123690165579319, 0.11140760034322739], "bboxes": [[305.7668762207031, 188.30792236328125, 443.7350158691406, 220.750732421875], [241.0111083984375, 155.2562713623047, 305.1631774902344, 204.35595703125]]}