{"labels": [18, 18, 1, 13], "scores": [0.9379203915596008, 0.30098554491996765, 0.1085490733385086, 0.06668093055486679], "bboxes": [[15.558698654174805, 62.58493423461914, 322.8796081542969, 424.1379089355469], [23.098115921020508, 242.12135314941406, 324.33294677734375, 431.9852600097656], [0.0, 1.3058712482452393, 333.0, 342.18017578125], [4.124492645263672, 27.867122650146484, 329.579345703125, 367.927490234375]]}