{"labels": [0, 3, 0, 0], "scores": [0.9984159469604492, 0.18802908062934875, 0.15373004972934723, 0.07014816999435425], "bboxes": [[0.6532669067382812, 126.28910064697266, 493.351318359375, 251.26187133789062], [0.0, 26.225767135620117, 486.0556335449219, 238.94981384277344], [276.9454650878906, 156.4044189453125, 493.56707763671875, 248.44479370117188], [1.7938613891601562, 117.0218276977539, 213.87498474121094, 233.6048126220703]]}